{
    "mtx": [
        [
            770.1984253109981,
            0.0,
            250.58785610486458
        ],
        [
            0.0,
            788.7159415734835,
            233.75778053397258
        ],
        [
            0.0,
            0.0,
            1.0
        ]
    ],
    "dist": [
        [
            -0.4172394477393419,
            0.30420522627690244,
            0.005316576150689925,
            0.007522454202119025,
            1.413245708678867
        ]
    ]
}