{
    "mtx": [
        [
            762.2195057092208,
            0.0,
            332.59277141614564
        ],
        [
            0.0,
            780.2478790108971,
            231.26724633613034
        ],
        [
            0.0,
            0.0,
            1.0
        ]
    ],
    "dist": [
        [
            -0.3798802771235974,
            0.19311176129457755,
            0.00911646297840896,
            0.002402600142928912,
            2.0252061101589858
        ]
    ]
}