{
    "T_from_right": [
        [
            -0.8271821258353752, 
            0.5595603199391999, 
            0.05159437031313622, 
            -0.02454404818715636
        ], 
        [
            0.3879537319165558, 
            0.5022433942190423, 
            0.772815291551191, 
            0.1270642941074733
        ], 
        [
            0.40652384012562687, 
            0.659275224252266, 
            -0.6325302728697169, 
            -0.19998368830838653
        ], 
        [
            0.0, 
            0.0, 
            0.0, 
            1.0
        ]
    ], 
    "T_from_left": [
        [
            -0.82861707317146, 
            0.5574538424646759, 
            0.05137080464749903, 
            -0.022914581336065304
        ], 
        [
            0.38919042989621533, 
            0.5076733813189471, 
            0.7686342089559804, 
            0.1250232674769067
        ], 
        [
            0.40239850313583714, 
            0.6568964541094398, 
            -0.6376225319516888, 
            -0.1997311216225724
        ], 
        [
            0.0, 
            0.0, 
            0.0, 
            1.0
        ]
    ]
}