{
    "T_from_right": [
        [
            -0.7523676392894613, 
            0.656426732416516, 
            0.055198553594980285, 
            -0.05729538041165726
        ], 
        [
            0.4471567345775629, 
            0.4473815079084664, 
            0.7745325306941454, 
            0.12005867288722838
        ], 
        [
            0.4837290461321643, 
            0.6074156166501832, 
            -0.6301210031236417, 
            -0.21922976066888702
        ], 
        [
            0.0, 
            0.0, 
            0.0, 
            1.0
        ]
    ], 
    "T_from_left": [
        [
            -0.7542659897836348, 
            0.6542339390061764, 
            0.055324223520771806, 
            -0.055832257579341946
        ], 
        [
            0.44549398293888426, 
            0.4480651275651996, 
            0.775095318412665, 
            0.11827099441401175
        ], 
        [
            0.48230480800108416, 
            0.6092746462084602, 
            -0.6294175701921525, 
            -0.21920524487476667
        ], 
        [
            0.0, 
            0.0, 
            0.0, 
            1.0
        ]
    ]
}