{
    "T_from_right": [
        [
            -0.8196763295274925, 
            0.5693940515987268, 
            0.06261891739980674, 
            -0.037731177675129735
        ], 
        [
            0.39895346131308973, 
            0.48901006918285705, 
            0.7756966468562839, 
            0.1227053834657746
        ], 
        [
            0.4110557754352113, 
            0.6608022141622741, 
            -0.6279917063461856, 
            -0.22878754108090854
        ], 
        [
            0.0, 
            0.0, 
            0.0, 
            1.0
        ]
    ], 
    "T_from_left": [
        [
            -0.8213950694372836, 
            0.5670167602143206, 
            0.061661442897294194, 
            -0.03644620611788912
        ], 
        [
            0.3983079123220717, 
            0.49287452527259024, 
            0.7735796722503455, 
            0.12087133826249619
        ], 
        [
            0.40824128513142, 
            0.6599747691945315, 
            -0.6306919669227378, 
            -0.22842936050589657
        ], 
        [
            0.0, 
            0.0, 
            0.0, 
            1.0
        ]
    ]
}