{
    "T_from_right": [
        [
            -0.8268240164422039, 
            0.5605379083526931, 
            0.04646825942478332, 
            -0.021248816259336813
        ], 
        [
            0.384421786816031, 
            0.5028644592916185, 
            0.7741751903816847, 
            0.12826052416615868
        ], 
        [
            0.4105873057652314, 
            0.6579700516595991, 
            -0.6312633962645966, 
            -0.22158288089869244
        ], 
        [
            0.0, 
            0.0, 
            0.0, 
            1.0
        ]
    ], 
    "T_from_left": [
        [
            -0.8283239437481525, 
            0.5581925192509586, 
            0.047964108099446665, 
            -0.019859574250536187
        ], 
        [
            0.38529242398678476, 
            0.505407415799396, 
            0.7720836043288084, 
            0.12624966039270327
        ], 
        [
            0.40672987624699375, 
            0.6580155435149271, 
            -0.6337084126480096, 
            -0.22124435428187056
        ], 
        [
            0.0, 
            0.0, 
            0.0, 
            1.0
        ]
    ]
}