{
    "T_from_right": [
        [
            -0.9991027645617735, 
            0.016415269336478376, 
            -0.039304114565395634, 
            0.26094519163983504
        ], 
        [
            0.009677427809559519, 
            -0.811127816859552, 
            -0.584805263173566, 
            -0.11453756013487211
        ], 
        [
            -0.04147788899415794, 
            -0.5846479882077796, 
            0.8102311398544139, 
            0.017391454968293474
        ], 
        [
            0.0, 
            0.0, 
            0.0, 
            1.0
        ]
    ], 
    "T_from_left": [
        [
            -0.9992773148275313, 
            0.013315730876836787, 
            -0.03589077912823788, 
            0.2630462232259111
        ], 
        [
            0.00998923868651578, 
            -0.8143543032632761, 
            -0.5802986020962866, 
            -0.11363373270787944
        ], 
        [
            -0.036952475509404864, 
            -0.5802248699840022, 
            0.813622639917531, 
            0.016105511194403843
        ], 
        [
            0.0, 
            0.0, 
            0.0, 
            1.0
        ]
    ]
}